{
  "tests/base.py": [
    {
      "timestamp": 1638370104.572831,
      "analysis": {
        "ccn": 6,
        "avg_ccn": 2.0,
        "avg_loc": 5.333333333333333,
        "avg_tokens": 50.0,
        "num_funs": 3,
        "loc": 23,
        "tokens": 176,
        "blanks": 12,
        "comments": 22
      }
    }
  ],
  "tests/run_tests.py": [
    {
      "timestamp": 1638370104.572831,
      "analysis": {
        "ccn": 0,
        "avg_ccn": 0,
        "avg_loc": 0,
        "avg_tokens": 0,
        "num_funs": 0,
        "loc": 6,
        "tokens": 51,
        "blanks": 3,
        "comments": 20
      }
    }
  ],
  "tests/test_weblate.py": [
    {
      "timestamp": 1638370104.572831,
      "analysis": {
        "ccn": 57,
        "avg_ccn": 3.1666666666666665,
        "avg_loc": 14.222222222222221,
        "avg_tokens": 108.88888888888889,
        "num_funs": 18,
        "loc": 294,
        "tokens": 2144,
        "blanks": 102,
        "comments": 42
      }
    },
    {
      "timestamp": 1638370123.982276,
      "analysis": {
        "ccn": 57,
        "avg_ccn": 3.1666666666666665,
        "avg_loc": 14.222222222222221,
        "avg_tokens": 108.88888888888889,
        "num_funs": 18,
        "loc": 294,
        "tokens": 2144,
        "blanks": 102,
        "comments": 42
      }
    }
  ],
  "setup.py": [
    {
      "timestamp": 1638370120.17828,
      "analysis": {
        "ccn": 2,
        "avg_ccn": 1.0,
        "avg_loc": 3.5,
        "avg_tokens": 40.0,
        "num_funs": 2,
        "loc": 62,
        "tokens": 299,
        "blanks": 14,
        "comments": 21
      }
    }
  ],
  "perceval/backends/weblate/weblate.py": [
    {
      "timestamp": 1638370123.982276,
      "analysis": {
        "ccn": 35,
        "avg_ccn": 1.8421052631578947,
        "avg_loc": 7.526315789473684,
        "avg_tokens": 53.8421052631579,
        "num_funs": 19,
        "loc": 223,
        "tokens": 1275,
        "blanks": 91,
        "comments": 120
      }
    }
  ]
}